Rules	Canon	Setting	Release	Source	Page	URL	Entry	Monster	Size	Origin	Type	Keywords	Level	Role	XP	Subtypes	Class	Environment	CR	LA	Classify 1	Classify 2	Classify 3	Classify 4	Classify 5	Alternative names				
D&D3.5	O	Dark Sun	YYYY/09	Terrors of Athas (preview)	9	http://www.athas.org/releases/toa/ToA3.5-preview1.pdf	Monster	Aarakocra	Medium		Monstrous Humanoid						Warrior 1	Mountains (White Mountains)	1/2	1	Aarakocra	Athasian								
AD&D2	A	Dark Sun	YYYY/02	Dark Sun Monstrous Compendium Appendix II: Terrors Beyond Tyr 	8		Monster	"Aarakocra, Athasian"	Medium									Deep desert			Aarakocra	Athasian								
D&D3.5	O	Dark Sun	YYYY/09	Terrors of Athas (preview)	9	http://www.athas.org/releases/toa/ToA3.5-preview1.pdf	Race	Aarakocra	Medium		Monstrous Humanoid						Cleric	Mountains (White Mountains)		1	Aarakocra	Athasian								
D&D3.5	B	Dark Sun	YYYY/05	Dragon #319	19		Race	Aarakocra	Medium		Monstrous Humanoid						Ranger			2	Aarakocra	Athasian								
D&D3.5	O	Dark Sun	YYYY/09	Dark Sun 3	6	http://www.athas.org/products/ds3/documents/77	Race	Aarakocra	Medium		Monstrous Humanoid						Cleric			1	Aarakocra	Athasian								
AD&D2	A	Dark Sun	YYYY/10	Dark Sun Campaign Setting Expanded and Revised [The Age of Heroes: Rules for Conquering the Savage Land]	9		Race	Aarakocra													Aarakocra	Athasian								
AD&D2	C	(Forgotten Realms)	YYYY/07	Polyhedron #121	11		Monster	"Aarakocra, Malatran"	Medium									Tropical/Mountains and plains			Aarakocra	Malatran								
AD&D2	A	Generic	YYYY/09	Monstrous Compendium Volume Two			Monster	Aarakocra	Medium									Tropical and temperate mountains			Aarakocra									
D&D3	A	Forgotten Realms	YYYY/03	Races of Faerun 	131		Race	Aarakocra	Medium											2	Aarakocra									
D&D3	A	Forgotten Realms	YYYY/02	Monsters of Faerun	11		Monster	Aarakocra	Medium		Monstrous Humanoid							Warm and temperate mountains	1/2		Aarakocra									
AD&D2	A	Generic	YYYY/04	Complete Book of Humanoids (PHBR10)	16		Race	Aarakocra													Aarakocra									
AD&D2	A	Generic	YYYY/06	Monstrous Manual 	5		Monster	Aarakocra	Medium									Tropical and temperate mountains			Aarakocra									
D&D3.5	K	Forgotten Realms	YYYY/03	Monsters of Faerun + Monster Update (A Web Enhancement for the Forgotten Realms Player's Guide to Faerun Accessory)	11	http://www.wizards.com/dnd/files/PGtF_WE_Monster_Update.zip	Monster	Aarakocra	Medium		Monstrous Humanoid							Warm and temperate mountains	1/2	2	Aarakocra									
AD&D2	A	Generic	YYYY/12	1992 Trading Cards Factory Set	1/750		Monster	Aarakocra	Medium												Aarakocra									
AD&D	A	Generic	YYYY/12	Fiend Folio	8		Monster	Aarakocra (Bird-Man)	Medium												Aarakocra									
AD&D2	A	Generic	YYYY/07	Player's Option: Skills & Powers	41		Race	Aarakocra													Aarakocra									
AD&D2	L	(Forgotten Realms)	YYYY/12	Wizards of the Coast web site (RPGA Living Jungle)		http://www.wizards.com/rpga/LJ/race_aarokocra.asp	Monster	"Aarakocra, Malatran"	Medium									Tropical/Mountains and plains			Aarakocra									
D&D3	P	Spelljammer	YYYY/12	Monsters of the Void		http://lost.spelljammer.org/ShatteredFractine/critters/monsters/aartuk.html	Monster	"Aartuk, Elder"	Large		Plant							Any	5		Aartuk	Elder								
AD&D2	B	(Spelljammer)	YYYY/11	Dungeon #71	43		Monster	"Aartuk, Elder"	Large									Any temperate or tropical land			Aartuk	Elder								
AD&D2	A	Spelljammer	YYYY/07	Monstrous Compendium Spelljammer Appendix			Monster	"Aartuk, Elder"	Large									Any			Aartuk	Elder								
D&D3	P	Spelljammer	YYYY/12	Monsters of the Void		http://lost.spelljammer.org/ShatteredFractine/critters/monsters/aartuk.html	Monster	"Aartuk, Lesser"	Medium		Plant							Any	2		Aartuk	Lesser								
AD&D2	A	Spelljammer	YYYY/07	Monstrous Compendium Spelljammer Appendix			Monster	"Aartuk, Warrior"	Medium									Any			Aartuk	Warrior								
AD&D2	B	(Spelljammer)	YYYY/11	Dungeon #71	43		Monster	"Aartuk, Warrior"	Medium									Any temperate or tropical land			Aartuk	Warrior								
AD&D2	A	Spelljammer	YYYY/12	1992 Trading Cards Factory Set	492/750		Monster	Aartuk Warrior	Medium												Aartuk	Warrior								
D&D3	P	(Spelljammer)	YYYY/12	Creature Catalogue		http://www.enworld.org/cc/converted/plant/aartuk.htm	Monster	Aartuk	Medium		Plant							Any temperate to tropical	3		Aartuk									
D&D3	L	Chainmail	YYYY/09	Wizards of the Coast web site (Battle Sheets!)		http://www.wizards.com/dnd/files/chainmail/BSAll.zip	Monster	Aasimar Cleric	Medium		Outsider					"Good, Lawful"	Cleric 2		2		Aasimar	Cleric				Planetouched				
D&D3.5	D	Generic	YYYY/10	D&D Miniatures: Aberrations set	11/60		Monster	Aasimar Favored Soul	Medium		Outsider					Native	Favored Soul 5		6		Aasimar	Favored Soul				Planetouched				
D&D3.5	D	Generic	YYYY/07	D&D Miniatures: War of the Dragon Queen set	1/60		Monster	Aasimar Knight	Medium		Outsider					Native	Fighter 2		2		Aasimar	Knight				Planetouched				
D&D3.5	O	Planescape	YYYY/08	Planescape Campaign Setting Chapter 2: Races	8	http://www.planewalker.com/downloads/products/files/chapter2.pdf	Race	Aasimar	Medium		Humanoid						Paladin			1	Aasimar					Planetouched				
D&D3	A	Forgotten Realms	YYYY/06	Forgotten Realms Campaign Setting	19		Race	Aasimar	Medium		Outsider					Native	Paladin			1	Aasimar					Planetouched				
D&D3.5	A	Generic	YYYY/07	Monster Manual v.3.5	209		Race	Aasimar	Medium		Outsider					Native	Paladin	Temperate plains		1	Aasimar					Planetouched				
D&D3	A	Forgotten Realms	YYYY/03	Races of Faerun 	112		Variation	"Planetouched, Aasimar"	Medium		Outsider									1	Aasimar					Planetouched				
AD&D2	A	Planescape	YYYY/09	Planescape Monstrous Compendium Appendix II 	6		Monster	Aasimar	Medium									Any			Aasimar					Planetouched				
D&D3.5	A	Generic	YYYY/12	Races of Destiny	93		Race	Aasimar	Medium		Outsider					Native	Paladin	Temperate plains		1	Aasimar					Planetouched				
AD&D2	A	Planescape	YYYY/08	Planewalker's Handbook	70		Race	Aasimar													Aasimar					Planetouched				
D&D3.5	A	Generic	YYYY/07	Planar Handbook	7		Race	Aasimar	Medium		Outsider					Native	Paladin			1	Aasimar					Planetouched				
D&D3.5	A	Generic	YYYY/07	Monster Manual v.3.5	209		Monster	Aasimar	Medium		Outsider					Native	Warrior 1	Temperate plains	1/2	1	Aasimar					Planetouched				
D&D3.5	A	Generic	YYYY/10	Monster Manual (Special Edition)	209		Race	Aasimar	Medium		Outsider					Native	Paladin	Temperate plains		1	Aasimar					Planetouched				
D&D3.5	A	Generic	YYYY/10	Monster Manual (Special Edition)	209		Monster	Aasimar	Medium		Outsider					Native	Warrior 1	Temperate plains	1/2	1	Aasimar					Planetouched				
D&D3	A	Generic	YYYY/10	Monster Manual	151		Monster	"Planetouched, Aasimar"	Medium		Outsider							Any land and underground	1/2		Aasimar					Planetouched				
AD&D2	A	Generic	YYYY/09	Warriors of Heaven	83		Race	Aasimar													Aasimar					Planetouched				
D&D3	A	Oriental Adventures	YYYY/10	Oriental Adventures 	145		Variation	"Planetouched, Aasimar (Rishi)"									Samurai				Aasimar 	Rishi				Planetouched				
D&D3	A	Forgotten Realms	YYYY/02	Monsters of Faerun	11		Monster	Aballin	Large		Ooze							Warm and temperate land and underground	4		Aballin					Living Water				
AD&D2	A	Generic	YYYY/12	Monstrous Compendium Annual Volume One 			Monster	Aballin	Large									Temperate or tropical/wilderness or subterranean			Aballin					Living Water				
D&D3.5	K	Forgotten Realms	YYYY/03	Monsters of Faerun + Monster Update (A Web Enhancement for the Forgotten Realms Player's Guide to Faerun Accessory)	11	http://www.wizards.com/dnd/files/PGtF_WE_Monster_Update.zip	Monster	Aballin	Large		Ooze							Warm and temperate land and underground	4		Aballin					Living Water				
AD&D2	A	Forgotten Realms	YYYY/06	Forgotten Realms Campaign Setting (New Edition) 			Monster	Aballin	Large									Temperate or tropical/Wilderness or subterranean			Aballin					Living Water				
AD&D2	A	Generic	YYYY/04	Monstrous Compendium Fiend Folio Appendix (MC14)			Monster	Aballin	Large									Temperate or tropical/Wilderness or subterranean			Aballin					Living Water				
D&D3.5	A	Generic	YYYY/07	Monster Manual II + D&D v.3.5 Accessory Update	22	http://www.wizards.com/dnd/files/DnD35_update_booklet.zip	Monster	"Abeil, Queen"	Medium		Monstrous Humanoid							"Temperate or warm hills, plains, or desert"	12		Abeil	Queen								
D&D3	A	Generic	YYYY/09	Monster Manual II 	22		Monster	"Abeil, Queen"	Medium		Monstrous Humanoid							"Temperate or warm hills, plains, or desert"	12		Abeil	Queen								
D&D3.5	A	Generic	YYYY/07	Monster Manual II + D&D v.3.5 Accessory Update	22	http://www.wizards.com/dnd/files/DnD35_update_booklet.zip	Monster	"Abeil, Soldier"	Large		Monstrous Humanoid							"Temperate or warm hills, plains, or desert"	6	5	Abeil	Soldier								
D&D3	A	Generic	YYYY/09	Monster Manual II 	22		Monster	"Abeil, Soldier"	Large		Monstrous Humanoid							"Temperate or warm hills, plains, or desert"	6		Abeil	Soldier								
D&D3.5	A	Generic	YYYY/07	Monster Manual II + D&D v.3.5 Accessory Update	22	http://www.wizards.com/dnd/files/DnD35_update_booklet.zip	Monster	"Abeil, Vassal"	Medium		Monstrous Humanoid							"Temperate or warm hills, plains, or desert"	2	4	Abeil	Vassal								
D&D3	A	Generic	YYYY/09	Monster Manual II 	22		Monster	"Abeil, Vassal"	Medium		Monstrous Humanoid							"Temperate or warm hills, plains, or desert"	2		Abeil	Vassal								
AD&D	B	Generic	YYYY/05	Dungeon #23	19		Monster	Abhir	Large									Any land			Abhir									
D&D3.5	A	Generic	YYYY/04	Lords of Madness: The Book of Aberrations	20		Variation	Amphibious Aboleth	Huge		Aberration										Aboleth	Amphibious								
AD&D	B	Generic	YYYY/03	Dragon #131	38		Monster	Grand Aboleth	Large												Aboleth	Grand								
AD&D	B	Generic	YYYY/03	Dragon #131	37		Monster	Greater Aboleth	Large												Aboleth	Greater								
D&D3.5	A	Generic	YYYY/10	Monster Manual (Special Edition)	8		Monster	Aboleth Mage	Huge		Aberration					Aquatic	Wizard 10	Underground	17		Aboleth	Mage								
D&D3.5	A	Generic	YYYY/07	Monster Manual v.3.5	8		Monster	Aboleth Mage	Huge		Aberration					Aquatic	Wizard 10	Underground	17		Aboleth	Mage								
AD&D	B	Generic	YYYY/03	Dragon #131	38		Monster	Noble Aboleth	Large												Aboleth	Noble								
D&D3.5	A	Generic	YYYY/04	Expanded Psionics Handbook	185		Variation	"Aboleth, Psionic"	Huge		Aberration					"Aquatic, Psionic"					Aboleth	Psionic								
AD&D2	A	Generic	YYYY/01	Complete Psionics Handbook (PHBR5)	123		Variation	Aboleth													Aboleth	Psionic								
AD&D	B	Generic	YYYY/03	Dragon #131	38		Monster	Ruler Aboleth	Large												Aboleth	Ruler								
AD&D	B	Generic	YYYY/07	Dungeon #12	46		Monster	"Aboleth, Saltwater"	Large												Aboleth	Saltwater								
AD&D2	A	Generic	YYYY/11	Night Below: An Underdark Campaign 			Monster	"Aboleth, Savant"	Huge									Subterranean			Aboleth	Savant								
AD&D2	A	Generic	YYYY/12	Monstrous Compendium Annual Volume Two 	6		Monster	"Aboleth, Savant"	Huge									Subterranean			Aboleth	Savant								
D&D3.5	A	Generic	YYYY/04	Lords of Madness: The Book of Aberrations	20		Variation	Stygian Aboleth	Huge		Aberration										Aboleth	Stygian								
D&D3.5	A	Generic	YYYY/04	Lords of Madness: The Book of Aberrations	20		Variation	Uobilyth (Aerial Aboleth)	Huge		Aberration										Aboleth	Uobilyth				Aerial Aboleth				
D&D3	A	Generic	YYYY/10	Monster Manual	15		Monster	Aboleth	Huge		Aberration					Aquatic		Any underground	7		Aboleth									
AD&D	A	Generic	YYYY/12	Monster Manual II	8		Monster	Aboleth	Large												Aboleth									
AD&D2	A	Generic	YYYY/12	1991 Trading Cards Factory Set	435/750		Monster	Aboleth	Huge												Aboleth									
D&D3.5	A	Generic	YYYY/07	Monster Manual v.3.5	8		Monster	Aboleth	Huge		Aberration					Aquatic		Underground	7		Aboleth									
D&D4	A	Generic	YYYY/06	Monster Manual	8		Monster	Aboleth Slime Mage	Large	Aberrant	Magical Beast	Aquatic	17	Artillery (Leader)	1600						Aboleth									
AD&D2	A	Generic	YYYY/09	Monstrous Compendium Volume Two			Monster	Aboleth	Huge									Tropical and temperate/Subterranean			Aboleth									
AD&D	B	Generic	YYYY/03	Dragon #131	36		Ecology	The Ecology of the Aboleth													Aboleth									
AD&D2	A	Generic	YYYY/06	Monstrous Manual 	6		Monster	Aboleth	Huge									Tropical  and temperate/Subterranean			Aboleth									
D&D4	A	Generic	YYYY/06	Monster Manual	9		Monster	Aboleth Servitor	Medium	Aberrant	Humanoid	Aquatic	16	Minion	350						Aboleth									
AD&D	A	(Greyhawk)	YYYY/12	Dwellers of the Forbidden City (I1)	24		Monster	Aboleth	Large												Aboleth									
D&D4	A	Generic	YYYY/06	Monster Manual	8		Monster	Aboleth Overseer	Large	Aberrant	Magical Beast	Aquatic	18	Elite Controller (Leader)	4000						Aboleth									
D&D4	A	Generic	YYYY/06	Monster Manual	8		Monster	Aboleth Lasher	Large	Aberrant	Magical Beast	Aquatic	17	Brute	1600						Aboleth									
D&D3.5	A	Generic	YYYY/10	Monster Manual (Special Edition)	8		Monster	Aboleth	Huge		Aberration					Aquatic		Underground	7		Aboleth									
D&D3	A	Generic	YYYY/07	Epic Level Handbook 	158		Monster	"Abomination, Anaxim"	Medium		Construct					Lawful		Any	22		Abomination	Anaxim								
D&D3.5	A	Generic	YYYY/07	Epic Level Handbook + D&D v.3.5 Accessory Update	158	http://www.wizards.com/dnd/files/DnD35_update_booklet.zip	Monster	"Abomination, Anaxim"	Medium		Construct					"Extraplanar, Lawful"		Any	22		Abomination	Anaxim								
D&D3	A	Generic	YYYY/07	Epic Level Handbook 	159		Monster	"Abomination, Atropal"	Large		Undead					Evil		Any	30		Abomination	Atropal								
D&D4	A	Generic	YYYY/06	Monster Manual	11		Monster	"Abomination, Atropal"	Large	Immortal	Magical Beast	Undead	28	Elite Brute	26000						Abomination	Atropal								
D&D3.5	A	Generic	YYYY/07	Epic Level Handbook + D&D v.3.5 Accessory Update	159	http://www.wizards.com/dnd/files/DnD35_update_booklet.zip	Monster	"Abomination, Atropal"	Large		Undead					"Evil, Extraplanar, Lawful"		Any	30		Abomination	Atropal								
D&D3.5	I	Warcraft	YYYY/10	Manual of Monsters	153		Monster	Abomination	Large		Construct					"Undead, Monstrous Scourge"		Any land	8		Abomination	Azeroth								
D&D4	A	Generic	YYYY/06	Monster Manual	12		Monster	"Abomination, Blood Fiend"	Medium	Elemental	Humanoid		23	Soldier	5100						Abomination	Blood Fiend								
D&D3	A	Generic	YYYY/07	Epic Level Handbook 	160		Monster	"Abomination, Chichimec"	Medium		Outsider					Air		Any	21		Abomination	Chichimec								
D&D3.5	A	Generic	YYYY/07	Epic Level Handbook + D&D v.3.5 Accessory Update	160	http://www.wizards.com/dnd/files/DnD35_update_booklet.zip	Monster	"Abomination, Chichimec"	Medium		Outsider					"Air, Evil, Extraplanar"		Any	21		Abomination	Chichimec								
D&D3.5	A	Generic	YYYY/07	Epic Level Handbook + D&D v.3.5 Accessory Update	161	http://www.wizards.com/dnd/files/DnD35_update_booklet.zip	Monster	"Abomination, Dream Larva"	Large		Outsider					"Chaotic, Evil, Extraplanar"		Any	31		Abomination	Dream Larva								
D&D3	A	Generic	YYYY/07	Epic Level Handbook 	161		Monster	"Abomination, Dream Larva"	Large		Outsider					Chaotic		Any	31		Abomination	Dream Larva								
AD&D	A	Generic	YYYY/12	Legends & Lore	64		Unique	Hecatoncheire (hundred handed one)	Large												Abomination	Hecatoncheires								
OD&D	A	Generic	YYYY/07	"Supplement IV: Gods, Demigods, Heroes"	18		Unique	Hundred Handed One													Abomination	Hecatoncheires								
D&D3.5	A	Generic	YYYY/07	Epic Level Handbook + D&D v.3.5 Accessory Update	162	http://www.wizards.com/dnd/files/DnD35_update_booklet.zip	Monster	"Abomination, Hecatoncheires"	Huge		Outsider					"Chaotic, Evil, Extraplanar"		Any	57		Abomination	Hecatoncheires								
AD&D2	A	Generic	YYYY/07	Legends & Lore	121		Unique	Hecatoncheire	Gargantuan												Abomination	Hecatoncheires								
AD&D	A	Generic	YYYY/12	Deities and Demigods Cyclopedia	69		Unique	Hecatoncheire (hundred handed one)	Large												Abomination	Hecatoncheires								
D&D3	A	Generic	YYYY/07	Epic Level Handbook 	162		Monster	"Abomination, Hecatoncheires"	Huge		Outsider					Evil		Any	57		Abomination	Hecatoncheires								
D&D3.5	A	Generic	YYYY/07	Epic Level Handbook + D&D v.3.5 Accessory Update	164	http://www.wizards.com/dnd/files/DnD35_update_booklet.zip	Monster	"Abomination, Infernal"	Large		Outsider					"Chaotic or Lawful, Evil, Extraplanar"		Any	26		Abomination	Infernal								
D&D3	A	Generic	YYYY/07	Epic Level Handbook 	164		Monster	"Abomination, Infernal"	Large		Outsider					"Evil, Chaotic or Lawful"		Any	26		Abomination	Infernal								
D&D3	A	Generic	YYYY/07	Epic Level Handbook 	165		Monster	"Abomination, Phaethon"	Gargantuan		Outsider					Fire		Any	34		Abomination	Phaethon								
D&D3.5	A	Generic	YYYY/07	Epic Level Handbook + D&D v.3.5 Accessory Update	165	http://www.wizards.com/dnd/files/DnD35_update_booklet.zip	Monster	"Abomination, Phaethon"	Gargantuan		Outsider					"Evil, Extraplanar, Fire"		Any	34		Abomination	Phaethon								
D&D3	A	Generic	YYYY/07	Epic Level Handbook 	166		Monster	"Abomination, Phane"	Large		Outsider					"Chaotic, Incorporeal"		Any land and underground	25		Abomination	Phane								
D&D3.5	A	Generic	YYYY/07	Epic Level Handbook + D&D v.3.5 Accessory Update	166	http://www.wizards.com/dnd/files/DnD35_update_booklet.zip	Monster	"Abomination, Phane"	Large		Outsider					"Chaotic, Evil, Extraplanar, Incorporeal"		Any land and underground	25		Abomination	Phane								
D&D4	A	Generic	YYYY/06	Monster Manual	13		Monster	"Abomination, Phane"	Large	Immortal	Magical Beast		26	Elite Controller	18000						Abomination	Phane								
D&D3.5	B	Generic	YYYY/09	Dragon #359	93		Monster	Advanced Tarrasque	Colossal		Magical Beast								30		Abomination	Tarrasque	Advanced							
D&D3.5	E	Kingdoms of Kalamar	YYYY/07	Dangerous Denizens: The Monsters of Tellene	198		Variation	"Tarrasque, Aquatic"	Colossal		Magical Beast					Aquatic					Abomination	Tarrasque	Aquatic							
D&D3.5	L	Generic	YYYY/11	Wizards of the Coast web site (Elite Opponents: The Tarrasque)		http://www.wizards.com/default.asp?x=dnd/eo/20051109a	Monster	Five-Headed Pyrotarrasque	Colossal		Magical Beast					Fire			25		Abomination	Tarrasque	Five-Headed Pyrotarrasque							